{
  "model": "Pipeline(StandardScaler -> LinearRegression)",
  "cv": {
    "n_splits": 5,
    "shuffle": true,
    "random_state": 42
  },
  "metrics": {
    "r2": {
      "folds": [
        0.9901404483900614,
        0.9836041576236157,
        0.9314297005774886,
        0.7761706796071636,
        0.9951490823964579
      ],
      "mean": 0.9352988137189575,
      "std": 0.09254701360162532
    },
    "mae": {
      "folds": [
        1773.4500971876012,
        1955.9893115964194,
        2957.7944077087714,
        4155.541917509307,
        861.9448968315119
      ],
      "mean": 2340.944126166722,
      "std": 1258.0687398494813
    }
  }
}